<metadata xml:lang="en"><Esri><CreaDate>20201113</CreaDate><CreaTime>12010800</CreaTime><ArcGISFormat>1.0</ArcGISFormat><SyncOnce>FALSE</SyncOnce><DataProperties><itemProps><itemName Sync="TRUE">KIS_ORCA_SHAPEFILE</itemName><imsContentType Sync="TRUE">002</imsContentType><nativeExtBox><westBL Sync="TRUE">-25.205983</westBL><eastBL Sync="TRUE">9.053883</eastBL><southBL Sync="TRUE">35.504033</southBL><northBL Sync="TRUE">65.362417</northBL><exTypeCode Sync="TRUE">1</exTypeCode></nativeExtBox><itemSize Sync="TRUE">0.000</itemSize><itemLocation><linkage Sync="TRUE">file://\\CX0L2J3\C$\Users\harry.jadir\Desktop\KIS_ORCA_SHAPEFILE\KIS_ORCA_SHAPEFILE.shp</linkage><protocol Sync="TRUE">Local Area Network</protocol></itemLocation></itemProps><coordRef><type Sync="TRUE">Geographic</type><geogcsn Sync="TRUE">GCS_European_1950</geogcsn><csUnits Sync="TRUE">Angular Unit: Degree (0.017453)</csUnits><peXml Sync="TRUE">&lt;GeographicCoordinateSystem xsi:type='typens:GeographicCoordinateSystem' xmlns:xsi='http://www.w3.org/2001/XMLSchema-instance' xmlns:xs='http://www.w3.org/2001/XMLSchema' xmlns:typens='http://www.esri.com/schemas/ArcGIS/3.0.0'&gt;&lt;WKT&gt;GEOGCS[&amp;quot;GCS_European_1950&amp;quot;,DATUM[&amp;quot;D_European_1950&amp;quot;,SPHEROID[&amp;quot;International_1924&amp;quot;,6378388.0,297.0]],PRIMEM[&amp;quot;Greenwich&amp;quot;,0.0],UNIT[&amp;quot;Degree&amp;quot;,0.0174532925199433],AUTHORITY[&amp;quot;EPSG&amp;quot;,4230]]&lt;/WKT&gt;&lt;XOrigin&gt;-400&lt;/XOrigin&gt;&lt;YOrigin&gt;-400&lt;/YOrigin&gt;&lt;XYScale&gt;11258999068426.238&lt;/XYScale&gt;&lt;ZOrigin&gt;-100000&lt;/ZOrigin&gt;&lt;ZScale&gt;10000&lt;/ZScale&gt;&lt;MOrigin&gt;-100000&lt;/MOrigin&gt;&lt;MScale&gt;10000&lt;/MScale&gt;&lt;XYTolerance&gt;8.98279933943848e-09&lt;/XYTolerance&gt;&lt;ZTolerance&gt;0.001&lt;/ZTolerance&gt;&lt;MTolerance&gt;0.001&lt;/MTolerance&gt;&lt;HighPrecision&gt;true&lt;/HighPrecision&gt;&lt;LeftLongitude&gt;-180&lt;/LeftLongitude&gt;&lt;WKID&gt;4230&lt;/WKID&gt;&lt;LatestWKID&gt;4230&lt;/LatestWKID&gt;&lt;/GeographicCoordinateSystem&gt;</peXml></coordRef><lineage><Process ToolSource="c:\program files (x86)\arcgis\desktop10.7\ArcToolbox\Toolboxes\Data Management Tools.tbx\Project" Date="20201112" Time="145515">Project C:\Ongoing_Work\North_Sea_Database\01_Data_Supplied\KIS-ORCA\WebServiceDownload.shp C:\Ongoing_Work\North_Sea_Database\07_Shapefiles\North_Sea_ED50_20201020.gdb\Cables\EU_KIS_ORCA_Cables_WebService GEOGCS['GCS_European_1950',DATUM['D_European_1950',SPHEROID['International_1924',6378388.0,297.0]],PRIMEM['Greenwich',0.0],UNIT['Degree',0.0174532925199433]] ED_1950_To_WGS_1984_18 GEOGCS['GCS_WGS_1984',DATUM['D_WGS_1984',SPHEROID['WGS_1984',6378137.0,298.257223563]],PRIMEM['Greenwich',0.0],UNIT['Degree',0.0174532925199433]] NO_PRESERVE_SHAPE # NO_VERTICAL</Process><Process ToolSource="c:\program files\arcgis\pro\Resources\ArcToolbox\toolboxes\Conversion Tools.tbx\ExportFeatures" Date="20240301" Time="163127">ExportFeatures EU_KIS_ORCA_Cables_WebService C:\Users\harry.jadir\Desktop\KIS_ORCA_SHAPEFILE\KIS_ORCA_SHAPEFILE.shp # NOT_USE_ALIAS "OBJECTID "OBJECTID" true true false 4 Long 0 0,First,#,EU_KIS_ORCA_Cables_WebService,OBJECTID,-1,-1;DESC_STATU "DESC_STATU" true true false 254 Text 0 0,First,#,EU_KIS_ORCA_Cables_WebService,DESC_STATU,0,254;FID_1 "FID_1" true true false 4 Long 0 0,First,#,EU_KIS_ORCA_Cables_WebService,FID_1,-1,-1;ORDERID "ORDERID" true true false 8 Double 0 0,First,#,EU_KIS_ORCA_Cables_WebService,ORDERID,-1,-1;ORIGTEXT "ORIGTEXT" true true false 254 Text 0 0,First,#,EU_KIS_ORCA_Cables_WebService,ORIGTEXT,0,254;ORIGTEXT1 "ORIGTEXT1" true true false 254 Text 0 0,First,#,EU_KIS_ORCA_Cables_WebService,ORIGTEXT1,0,254;VERSION "VERSION" true true false 254 Text 0 0,First,#,EU_KIS_ORCA_Cables_WebService,VERSION,0,254;FEATURE "FEATURE" true true false 254 Text 0 0,First,#,EU_KIS_ORCA_Cables_WebService,FEATURE,0,254;DESC_ "DESC_" true true false 254 Text 0 0,First,#,EU_KIS_ORCA_Cables_WebService,DESC_,0,254;OWNER "OWNER" true true false 254 Text 0 0,First,#,EU_KIS_ORCA_Cables_WebService,OWNER,0,254;STATUS "STATUS" true true false 254 Text 0 0,First,#,EU_KIS_ORCA_Cables_WebService,STATUS,0,254;ARCLAT "ARCLAT" true true false 8 Double 0 0,First,#,EU_KIS_ORCA_Cables_WebService,ARCLAT,-1,-1;ARCLON "ARCLON" true true false 8 Double 0 0,First,#,EU_KIS_ORCA_Cables_WebService,ARCLON,-1,-1;LINEID "LINEID" true true false 8 Double 0 0,First,#,EU_KIS_ORCA_Cables_WebService,LINEID,-1,-1;SYMBOL "SYMBOL" true true false 254 Text 0 0,First,#,EU_KIS_ORCA_Cables_WebService,SYMBOL,0,254;DECLON "DECLON" true true false 8 Double 0 0,First,#,EU_KIS_ORCA_Cables_WebService,DECLON,-1,-1;DECLAT "DECLAT" true true false 8 Double 0 0,First,#,EU_KIS_ORCA_Cables_WebService,DECLAT,-1,-1;DESC_STA_1 "DESC_STA_1" true true false 254 Text 0 0,First,#,EU_KIS_ORCA_Cables_WebService,DESC_STA_1,0,254;Shape__Len "Shape__Len" true true false 8 Double 0 0,First,#,EU_KIS_ORCA_Cables_WebService,Shape__Len,-1,-1;Shape_Length "Shape_Length" false true true 8 Double 0 0,First,#,EU_KIS_ORCA_Cables_WebService,Shape_Length,-1,-1" #</Process></lineage></DataProperties><SyncDate>20240301</SyncDate><SyncTime>16312200</SyncTime><ModDate>20240301</ModDate><ModTime>16312200</ModTime></Esri><dataIdInfo><envirDesc Sync="TRUE">Microsoft Windows 10 Version 10.0 (Build 19045) ; Esri ArcGIS 13.0.2.36056</envirDesc><dataLang><languageCode value="eng" Sync="TRUE"></languageCode><countryCode value="GBR" Sync="TRUE"></countryCode></dataLang><idCitation><resTitle Sync="TRUE">KIS_ORCA_SHAPEFILE</resTitle><presForm><PresFormCd value="005" Sync="TRUE"></PresFormCd></presForm></idCitation><spatRpType><SpatRepTypCd value="001" Sync="TRUE"></SpatRepTypCd></spatRpType><dataExt><geoEle><GeoBndBox esriExtentType="search"><exTypeCode Sync="TRUE">1</exTypeCode><westBL Sync="TRUE">-25.205983</westBL><eastBL Sync="TRUE">9.053883</eastBL><northBL Sync="TRUE">65.362417</northBL><southBL Sync="TRUE">35.504033</southBL></GeoBndBox></geoEle></dataExt></dataIdInfo><mdLang><languageCode value="eng" Sync="TRUE"></languageCode><countryCode value="GBR" Sync="TRUE"></countryCode></mdLang><mdChar><CharSetCd value="004" Sync="TRUE"></CharSetCd></mdChar><distInfo><distFormat><formatName Sync="TRUE">Shapefile</formatName></distFormat><distTranOps><transSize Sync="TRUE">0.000</transSize></distTranOps></distInfo><mdHrLv><ScopeCd value="005" Sync="TRUE"></ScopeCd></mdHrLv><mdHrLvName Sync="TRUE">dataset</mdHrLvName><refSysInfo><RefSystem><refSysID><identCode code="4230" Sync="TRUE"></identCode><idCodeSpace Sync="TRUE">EPSG</idCodeSpace><idVersion Sync="TRUE">6.5(3.0.1)</idVersion></refSysID></RefSystem></refSysInfo><spatRepInfo><VectSpatRep><geometObjs Name="KIS_ORCA_SHAPEFILE"><geoObjTyp><GeoObjTypCd value="002" Sync="TRUE"></GeoObjTypCd></geoObjTyp><geoObjCnt Sync="TRUE">0</geoObjCnt></geometObjs><topLvl><TopoLevCd value="001" Sync="TRUE"></TopoLevCd></topLvl></VectSpatRep></spatRepInfo><spdoinfo><ptvctinf><esriterm Name="KIS_ORCA_SHAPEFILE"><efeatyp Sync="TRUE">Simple</efeatyp><efeageom code="3" Sync="TRUE"></efeageom><esritopo Sync="TRUE">FALSE</esritopo><efeacnt Sync="TRUE">0</efeacnt><spindex Sync="TRUE">FALSE</spindex><linrefer Sync="TRUE">FALSE</linrefer></esriterm></ptvctinf></spdoinfo><eainfo><detailed Name="KIS_ORCA_SHAPEFILE"><enttyp><enttypl Sync="TRUE">KIS_ORCA_SHAPEFILE</enttypl><enttypt Sync="TRUE">Feature Class</enttypt><enttypc Sync="TRUE">0</enttypc></enttyp><attr><attrlabl Sync="TRUE">FID</attrlabl><attalias Sync="TRUE">FID</attalias><attrtype Sync="TRUE">OID</attrtype><attwidth Sync="TRUE">4</attwidth><atprecis Sync="TRUE">0</atprecis><attscale Sync="TRUE">0</attscale><attrdef Sync="TRUE">Internal feature number.</attrdef><attrdefs Sync="TRUE">Esri</attrdefs><attrdomv><udom Sync="TRUE">Sequential unique whole numbers that are automatically generated.</udom></attrdomv></attr><attr><attrlabl Sync="TRUE">Shape</attrlabl><attalias Sync="TRUE">Shape</attalias><attrtype Sync="TRUE">Geometry</attrtype><attwidth Sync="TRUE">0</attwidth><atprecis Sync="TRUE">0</atprecis><attscale Sync="TRUE">0</attscale><attrdef Sync="TRUE">Feature geometry.</attrdef><attrdefs Sync="TRUE">Esri</attrdefs><attrdomv><udom Sync="TRUE">Coordinates defining the features.</udom></attrdomv></attr><attr><attrlabl Sync="TRUE">OBJECTID</attrlabl><attalias Sync="TRUE">OBJECTID</attalias><attrtype Sync="TRUE">Integer</attrtype><attwidth Sync="TRUE">10</attwidth><atprecis Sync="TRUE">10</atprecis><attscale Sync="TRUE">0</attscale></attr><attr><attrlabl Sync="TRUE">DESC_STATU</attrlabl><attalias Sync="TRUE">DESC_STATU</attalias><attrtype Sync="TRUE">String</attrtype><attwidth Sync="TRUE">254</attwidth><atprecis Sync="TRUE">0</atprecis><attscale Sync="TRUE">0</attscale></attr><attr><attrlabl Sync="TRUE">FID_1</attrlabl><attalias Sync="TRUE">FID_1</attalias><attrtype Sync="TRUE">Integer</attrtype><attwidth Sync="TRUE">10</attwidth><atprecis Sync="TRUE">10</atprecis><attscale Sync="TRUE">0</attscale></attr><attr><attrlabl Sync="TRUE">ORDERID</attrlabl><attalias Sync="TRUE">ORDERID</attalias><attrtype Sync="TRUE">Double</attrtype><attwidth Sync="TRUE">19</attwidth><atprecis Sync="TRUE">0</atprecis><attscale Sync="TRUE">0</attscale></attr><attr><attrlabl Sync="TRUE">ORIGTEXT</attrlabl><attalias Sync="TRUE">ORIGTEXT</attalias><attrtype Sync="TRUE">String</attrtype><attwidth Sync="TRUE">254</attwidth><atprecis Sync="TRUE">0</atprecis><attscale Sync="TRUE">0</attscale></attr><attr><attrlabl Sync="TRUE">ORIGTEXT1</attrlabl><attalias Sync="TRUE">ORIGTEXT1</attalias><attrtype Sync="TRUE">String</attrtype><attwidth Sync="TRUE">254</attwidth><atprecis Sync="TRUE">0</atprecis><attscale Sync="TRUE">0</attscale></attr><attr><attrlabl Sync="TRUE">VERSION</attrlabl><attalias Sync="TRUE">VERSION</attalias><attrtype Sync="TRUE">String</attrtype><attwidth Sync="TRUE">254</attwidth><atprecis Sync="TRUE">0</atprecis><attscale Sync="TRUE">0</attscale></attr><attr><attrlabl Sync="TRUE">FEATURE</attrlabl><attalias Sync="TRUE">FEATURE</attalias><attrtype Sync="TRUE">String</attrtype><attwidth Sync="TRUE">254</attwidth><atprecis Sync="TRUE">0</atprecis><attscale Sync="TRUE">0</attscale></attr><attr><attrlabl Sync="TRUE">DESC_</attrlabl><attalias Sync="TRUE">DESC_</attalias><attrtype Sync="TRUE">String</attrtype><attwidth Sync="TRUE">254</attwidth><atprecis Sync="TRUE">0</atprecis><attscale Sync="TRUE">0</attscale></attr><attr><attrlabl Sync="TRUE">OWNER</attrlabl><attalias Sync="TRUE">OWNER</attalias><attrtype Sync="TRUE">String</attrtype><attwidth Sync="TRUE">254</attwidth><atprecis Sync="TRUE">0</atprecis><attscale Sync="TRUE">0</attscale></attr><attr><attrlabl Sync="TRUE">STATUS</attrlabl><attalias Sync="TRUE">STATUS</attalias><attrtype Sync="TRUE">String</attrtype><attwidth Sync="TRUE">254</attwidth><atprecis Sync="TRUE">0</atprecis><attscale Sync="TRUE">0</attscale></attr><attr><attrlabl Sync="TRUE">ARCLAT</attrlabl><attalias Sync="TRUE">ARCLAT</attalias><attrtype Sync="TRUE">Double</attrtype><attwidth Sync="TRUE">19</attwidth><atprecis Sync="TRUE">0</atprecis><attscale Sync="TRUE">0</attscale></attr><attr><attrlabl Sync="TRUE">ARCLON</attrlabl><attalias Sync="TRUE">ARCLON</attalias><attrtype Sync="TRUE">Double</attrtype><attwidth Sync="TRUE">19</attwidth><atprecis Sync="TRUE">0</atprecis><attscale Sync="TRUE">0</attscale></attr><attr><attrlabl Sync="TRUE">LINEID</attrlabl><attalias Sync="TRUE">LINEID</attalias><attrtype Sync="TRUE">Double</attrtype><attwidth Sync="TRUE">19</attwidth><atprecis Sync="TRUE">0</atprecis><attscale Sync="TRUE">0</attscale></attr><attr><attrlabl Sync="TRUE">SYMBOL</attrlabl><attalias Sync="TRUE">SYMBOL</attalias><attrtype Sync="TRUE">String</attrtype><attwidth Sync="TRUE">254</attwidth><atprecis Sync="TRUE">0</atprecis><attscale Sync="TRUE">0</attscale></attr><attr><attrlabl Sync="TRUE">DECLON</attrlabl><attalias Sync="TRUE">DECLON</attalias><attrtype Sync="TRUE">Double</attrtype><attwidth Sync="TRUE">19</attwidth><atprecis Sync="TRUE">0</atprecis><attscale Sync="TRUE">0</attscale></attr><attr><attrlabl Sync="TRUE">DECLAT</attrlabl><attalias Sync="TRUE">DECLAT</attalias><attrtype Sync="TRUE">Double</attrtype><attwidth Sync="TRUE">19</attwidth><atprecis Sync="TRUE">0</atprecis><attscale Sync="TRUE">0</attscale></attr><attr><attrlabl Sync="TRUE">DESC_STA_1</attrlabl><attalias Sync="TRUE">DESC_STA_1</attalias><attrtype Sync="TRUE">String</attrtype><attwidth Sync="TRUE">254</attwidth><atprecis Sync="TRUE">0</atprecis><attscale Sync="TRUE">0</attscale></attr><attr><attrlabl Sync="TRUE">Shape__Len</attrlabl><attalias Sync="TRUE">Shape__Len</attalias><attrtype Sync="TRUE">Double</attrtype><attwidth Sync="TRUE">19</attwidth><atprecis Sync="TRUE">0</atprecis><attscale Sync="TRUE">0</attscale></attr><attr><attrlabl Sync="TRUE">Shape_Leng</attrlabl><attalias Sync="TRUE">Shape_Leng</attalias><attrtype Sync="TRUE">Double</attrtype><attwidth Sync="TRUE">19</attwidth><atprecis Sync="TRUE">0</atprecis><attscale Sync="TRUE">0</attscale></attr></detailed></eainfo><mdDateSt Sync="TRUE">20240301</mdDateSt></metadata>
