<metadata xml:lang="en"><Esri><CreaDate>20220301</CreaDate><CreaTime>12470800</CreaTime><ArcGISFormat>1.0</ArcGISFormat><ArcGISstyle>FGDC CSDGM Metadata</ArcGISstyle><SyncOnce>FALSE</SyncOnce><DataProperties><itemProps><itemName Sync="TRUE">PipelineandCables_NSTA</itemName><imsContentType Sync="TRUE">002</imsContentType><itemLocation><linkage Sync="TRUE">file://\\CX0L2J3\C$\Users\harry.jadir\Desktop\KIS_ORCA_SHAPEFILE\PipelineandCables_NSTA.shp</linkage><protocol Sync="TRUE">Local Area Network</protocol></itemLocation><itemSize Sync="TRUE">0.000</itemSize></itemProps><coordRef><type Sync="TRUE">Geographic</type><geogcsn Sync="TRUE">GCS_European_1950</geogcsn><csUnits Sync="TRUE">Angular Unit: Degree (0.017453)</csUnits><peXml Sync="TRUE">&lt;GeographicCoordinateSystem xsi:type='typens:GeographicCoordinateSystem' xmlns:xsi='http://www.w3.org/2001/XMLSchema-instance' xmlns:xs='http://www.w3.org/2001/XMLSchema' xmlns:typens='http://www.esri.com/schemas/ArcGIS/3.0.0'&gt;&lt;WKT&gt;GEOGCS[&amp;quot;GCS_European_1950&amp;quot;,DATUM[&amp;quot;D_European_1950&amp;quot;,SPHEROID[&amp;quot;International_1924&amp;quot;,6378388.0,297.0]],PRIMEM[&amp;quot;Greenwich&amp;quot;,0.0],UNIT[&amp;quot;Degree&amp;quot;,0.0174532925199433],AUTHORITY[&amp;quot;EPSG&amp;quot;,4230]]&lt;/WKT&gt;&lt;XOrigin&gt;-400&lt;/XOrigin&gt;&lt;YOrigin&gt;-400&lt;/YOrigin&gt;&lt;XYScale&gt;11258999068426.238&lt;/XYScale&gt;&lt;ZOrigin&gt;-100000&lt;/ZOrigin&gt;&lt;ZScale&gt;10000&lt;/ZScale&gt;&lt;MOrigin&gt;-100000&lt;/MOrigin&gt;&lt;MScale&gt;10000&lt;/MScale&gt;&lt;XYTolerance&gt;8.98279933943848e-09&lt;/XYTolerance&gt;&lt;ZTolerance&gt;0.001&lt;/ZTolerance&gt;&lt;MTolerance&gt;0.001&lt;/MTolerance&gt;&lt;HighPrecision&gt;true&lt;/HighPrecision&gt;&lt;LeftLongitude&gt;-180&lt;/LeftLongitude&gt;&lt;WKID&gt;4230&lt;/WKID&gt;&lt;LatestWKID&gt;4230&lt;/LatestWKID&gt;&lt;/GeographicCoordinateSystem&gt;</peXml></coordRef><lineage><Process ToolSource="c:\program files (x86)\arcgis\desktop10.7\ArcToolbox\Toolboxes\Data Management Tools.tbx\Merge" Date="20220301" Time="142953">Merge C:\Ongoing_Work\North_Sea_Database\06_Routes\OGA_20220114.gdb\CHEMICAL;C:\Ongoing_Work\North_Sea_Database\06_Routes\OGA_20220114.gdb\CONDENSATE;C:\Ongoing_Work\North_Sea_Database\06_Routes\OGA_20220114.gdb\FIBER;C:\Ongoing_Work\North_Sea_Database\06_Routes\OGA_20220114.gdb\FIBRE;C:\Ongoing_Work\North_Sea_Database\06_Routes\OGA_20220114.gdb\GAS;C:\Ongoing_Work\North_Sea_Database\06_Routes\OGA_20220114.gdb\HYDRAULIC;C:\Ongoing_Work\North_Sea_Database\06_Routes\OGA_20220114.gdb\METHANOL;C:\Ongoing_Work\North_Sea_Database\06_Routes\OGA_20220114.gdb\MIXED_HYDROCARBONS;C:\Ongoing_Work\North_Sea_Database\06_Routes\OGA_20220114.gdb\null_;C:\Ongoing_Work\North_Sea_Database\06_Routes\OGA_20220114.gdb\OIL;C:\Ongoing_Work\North_Sea_Database\06_Routes\OGA_20220114.gdb\OTHER_FLUID;C:\Ongoing_Work\North_Sea_Database\06_Routes\OGA_20220114.gdb\T;C:\Ongoing_Work\North_Sea_Database\06_Routes\OGA_20220114.gdb\WATER C:\Ongoing_Work\North_Sea_Database\06_Routes\OGA_20220114.gdb\OGA_PIPELINES "ID "ID" true true false 4 Long 0 0 ,First,#,C:\Ongoing_Work\North_Sea_Database\06_Routes\OGA_20220114.gdb\CHEMICAL,ID,-1,-1,C:\Ongoing_Work\North_Sea_Database\06_Routes\OGA_20220114.gdb\CONDENSATE,ID,-1,-1,C:\Ongoing_Work\North_Sea_Database\06_Routes\OGA_20220114.gdb\FIBER,ID,-1,-1,C:\Ongoing_Work\North_Sea_Database\06_Routes\OGA_20220114.gdb\FIBRE,ID,-1,-1,C:\Ongoing_Work\North_Sea_Database\06_Routes\OGA_20220114.gdb\GAS,ID,-1,-1,C:\Ongoing_Work\North_Sea_Database\06_Routes\OGA_20220114.gdb\HYDRAULIC,ID,-1,-1,C:\Ongoing_Work\North_Sea_Database\06_Routes\OGA_20220114.gdb\METHANOL,ID,-1,-1,C:\Ongoing_Work\North_Sea_Database\06_Routes\OGA_20220114.gdb\MIXED_HYDROCARBONS,ID,-1,-1,C:\Ongoing_Work\North_Sea_Database\06_Routes\OGA_20220114.gdb\null_,ID,-1,-1,C:\Ongoing_Work\North_Sea_Database\06_Routes\OGA_20220114.gdb\OIL,ID,-1,-1,C:\Ongoing_Work\North_Sea_Database\06_Routes\OGA_20220114.gdb\OTHER_FLUID,ID,-1,-1,C:\Ongoing_Work\North_Sea_Database\06_Routes\OGA_20220114.gdb\T,ID,-1,-1,C:\Ongoing_Work\North_Sea_Database\06_Routes\OGA_20220114.gdb\WATER,ID,-1,-1;PIPE_DTINO "PIPE_DTINO" true true false 20 Text 0 0 ,First,#,C:\Ongoing_Work\North_Sea_Database\06_Routes\OGA_20220114.gdb\CHEMICAL,PIPE_DTINO,-1,-1,C:\Ongoing_Work\North_Sea_Database\06_Routes\OGA_20220114.gdb\CONDENSATE,PIPE_DTINO,-1,-1,C:\Ongoing_Work\North_Sea_Database\06_Routes\OGA_20220114.gdb\FIBER,PIPE_DTINO,-1,-1,C:\Ongoing_Work\North_Sea_Database\06_Routes\OGA_20220114.gdb\FIBRE,PIPE_DTINO,-1,-1,C:\Ongoing_Work\North_Sea_Database\06_Routes\OGA_20220114.gdb\GAS,PIPE_DTINO,-1,-1,C:\Ongoing_Work\North_Sea_Database\06_Routes\OGA_20220114.gdb\HYDRAULIC,PIPE_DTINO,-1,-1,C:\Ongoing_Work\North_Sea_Database\06_Routes\OGA_20220114.gdb\METHANOL,PIPE_DTINO,-1,-1,C:\Ongoing_Work\North_Sea_Database\06_Routes\OGA_20220114.gdb\MIXED_HYDROCARBONS,PIPE_DTINO,-1,-1,C:\Ongoing_Work\North_Sea_Database\06_Routes\OGA_20220114.gdb\null_,PIPE_DTINO,-1,-1,C:\Ongoing_Work\North_Sea_Database\06_Routes\OGA_20220114.gdb\OIL,PIPE_DTINO,-1,-1,C:\Ongoing_Work\North_Sea_Database\06_Routes\OGA_20220114.gdb\OTHER_FLUID,PIPE_DTINO,-1,-1,C:\Ongoing_Work\North_Sea_Database\06_Routes\OGA_20220114.gdb\T,PIPE_DTINO,-1,-1,C:\Ongoing_Work\North_Sea_Database\06_Routes\OGA_20220114.gdb\WATER,PIPE_DTINO,-1,-1;PIPE_NAME "PIPE_NAME" true true false 40 Text 0 0 ,First,#,C:\Ongoing_Work\North_Sea_Database\06_Routes\OGA_20220114.gdb\CHEMICAL,PIPE_NAME,-1,-1,C:\Ongoing_Work\North_Sea_Database\06_Routes\OGA_20220114.gdb\CONDENSATE,PIPE_NAME,-1,-1,C:\Ongoing_Work\North_Sea_Database\06_Routes\OGA_20220114.gdb\FIBER,PIPE_NAME,-1,-1,C:\Ongoing_Work\North_Sea_Database\06_Routes\OGA_20220114.gdb\FIBRE,PIPE_NAME,-1,-1,C:\Ongoing_Work\North_Sea_Database\06_Routes\OGA_20220114.gdb\GAS,PIPE_NAME,-1,-1,C:\Ongoing_Work\North_Sea_Database\06_Routes\OGA_20220114.gdb\HYDRAULIC,PIPE_NAME,-1,-1,C:\Ongoing_Work\North_Sea_Database\06_Routes\OGA_20220114.gdb\METHANOL,PIPE_NAME,-1,-1,C:\Ongoing_Work\North_Sea_Database\06_Routes\OGA_20220114.gdb\MIXED_HYDROCARBONS,PIPE_NAME,-1,-1,C:\Ongoing_Work\North_Sea_Database\06_Routes\OGA_20220114.gdb\null_,PIPE_NAME,-1,-1,C:\Ongoing_Work\North_Sea_Database\06_Routes\OGA_20220114.gdb\OIL,PIPE_NAME,-1,-1,C:\Ongoing_Work\North_Sea_Database\06_Routes\OGA_20220114.gdb\OTHER_FLUID,PIPE_NAME,-1,-1,C:\Ongoing_Work\North_Sea_Database\06_Routes\OGA_20220114.gdb\T,PIPE_NAME,-1,-1,C:\Ongoing_Work\North_Sea_Database\06_Routes\OGA_20220114.gdb\WATER,PIPE_NAME,-1,-1;DESC_ "DESC_" true true false 254 Text 0 0 ,First,#,C:\Ongoing_Work\North_Sea_Database\06_Routes\OGA_20220114.gdb\CHEMICAL,DESC_,-1,-1,C:\Ongoing_Work\North_Sea_Database\06_Routes\OGA_20220114.gdb\CONDENSATE,DESC_,-1,-1,C:\Ongoing_Work\North_Sea_Database\06_Routes\OGA_20220114.gdb\FIBER,DESC_,-1,-1,C:\Ongoing_Work\North_Sea_Database\06_Routes\OGA_20220114.gdb\FIBRE,DESC_,-1,-1,C:\Ongoing_Work\North_Sea_Database\06_Routes\OGA_20220114.gdb\GAS,DESC_,-1,-1,C:\Ongoing_Work\North_Sea_Database\06_Routes\OGA_20220114.gdb\HYDRAULIC,DESC_,-1,-1,C:\Ongoing_Work\North_Sea_Database\06_Routes\OGA_20220114.gdb\METHANOL,DESC_,-1,-1,C:\Ongoing_Work\North_Sea_Database\06_Routes\OGA_20220114.gdb\MIXED_HYDROCARBONS,DESC_,-1,-1,C:\Ongoing_Work\North_Sea_Database\06_Routes\OGA_20220114.gdb\null_,DESC_,-1,-1,C:\Ongoing_Work\North_Sea_Database\06_Routes\OGA_20220114.gdb\OIL,DESC_,-1,-1,C:\Ongoing_Work\North_Sea_Database\06_Routes\OGA_20220114.gdb\OTHER_FLUID,DESC_,-1,-1,C:\Ongoing_Work\North_Sea_Database\06_Routes\OGA_20220114.gdb\T,DESC_,-1,-1,C:\Ongoing_Work\North_Sea_Database\06_Routes\OGA_20220114.gdb\WATER,DESC_,-1,-1;DIAMETER "DIAMETER" true true false 8 Double 0 0 ,First,#,C:\Ongoing_Work\North_Sea_Database\06_Routes\OGA_20220114.gdb\CHEMICAL,DIAMETER,-1,-1,C:\Ongoing_Work\North_Sea_Database\06_Routes\OGA_20220114.gdb\CONDENSATE,DIAMETER,-1,-1,C:\Ongoing_Work\North_Sea_Database\06_Routes\OGA_20220114.gdb\FIBER,DIAMETER,-1,-1,C:\Ongoing_Work\North_Sea_Database\06_Routes\OGA_20220114.gdb\FIBRE,DIAMETER,-1,-1,C:\Ongoing_Work\North_Sea_Database\06_Routes\OGA_20220114.gdb\GAS,DIAMETER,-1,-1,C:\Ongoing_Work\North_Sea_Database\06_Routes\OGA_20220114.gdb\HYDRAULIC,DIAMETER,-1,-1,C:\Ongoing_Work\North_Sea_Database\06_Routes\OGA_20220114.gdb\METHANOL,DIAMETER,-1,-1,C:\Ongoing_Work\North_Sea_Database\06_Routes\OGA_20220114.gdb\MIXED_HYDROCARBONS,DIAMETER,-1,-1,C:\Ongoing_Work\North_Sea_Database\06_Routes\OGA_20220114.gdb\null_,DIAMETER,-1,-1,C:\Ongoing_Work\North_Sea_Database\06_Routes\OGA_20220114.gdb\OIL,DIAMETER,-1,-1,C:\Ongoing_Work\North_Sea_Database\06_Routes\OGA_20220114.gdb\OTHER_FLUID,DIAMETER,-1,-1,C:\Ongoing_Work\North_Sea_Database\06_Routes\OGA_20220114.gdb\T,DIAMETER,-1,-1,C:\Ongoing_Work\North_Sea_Database\06_Routes\OGA_20220114.gdb\WATER,DIAMETER,-1,-1;UNITS "UNITS" true true false 4 Text 0 0 ,First,#,C:\Ongoing_Work\North_Sea_Database\06_Routes\OGA_20220114.gdb\CHEMICAL,UNITS,-1,-1,C:\Ongoing_Work\North_Sea_Database\06_Routes\OGA_20220114.gdb\CONDENSATE,UNITS,-1,-1,C:\Ongoing_Work\North_Sea_Database\06_Routes\OGA_20220114.gdb\FIBER,UNITS,-1,-1,C:\Ongoing_Work\North_Sea_Database\06_Routes\OGA_20220114.gdb\FIBRE,UNITS,-1,-1,C:\Ongoing_Work\North_Sea_Database\06_Routes\OGA_20220114.gdb\GAS,UNITS,-1,-1,C:\Ongoing_Work\North_Sea_Database\06_Routes\OGA_20220114.gdb\HYDRAULIC,UNITS,-1,-1,C:\Ongoing_Work\North_Sea_Database\06_Routes\OGA_20220114.gdb\METHANOL,UNITS,-1,-1,C:\Ongoing_Work\North_Sea_Database\06_Routes\OGA_20220114.gdb\MIXED_HYDROCARBONS,UNITS,-1,-1,C:\Ongoing_Work\North_Sea_Database\06_Routes\OGA_20220114.gdb\null_,UNITS,-1,-1,C:\Ongoing_Work\North_Sea_Database\06_Routes\OGA_20220114.gdb\OIL,UNITS,-1,-1,C:\Ongoing_Work\North_Sea_Database\06_Routes\OGA_20220114.gdb\OTHER_FLUID,UNITS,-1,-1,C:\Ongoing_Work\North_Sea_Database\06_Routes\OGA_20220114.gdb\T,UNITS,-1,-1,C:\Ongoing_Work\North_Sea_Database\06_Routes\OGA_20220114.gdb\WATER,UNITS,-1,-1;FLUID "FLUID" true true false 20 Text 0 0 ,First,#,C:\Ongoing_Work\North_Sea_Database\06_Routes\OGA_20220114.gdb\CHEMICAL,FLUID,-1,-1,C:\Ongoing_Work\North_Sea_Database\06_Routes\OGA_20220114.gdb\CONDENSATE,FLUID,-1,-1,C:\Ongoing_Work\North_Sea_Database\06_Routes\OGA_20220114.gdb\FIBER,FLUID,-1,-1,C:\Ongoing_Work\North_Sea_Database\06_Routes\OGA_20220114.gdb\FIBRE,FLUID,-1,-1,C:\Ongoing_Work\North_Sea_Database\06_Routes\OGA_20220114.gdb\GAS,FLUID,-1,-1,C:\Ongoing_Work\North_Sea_Database\06_Routes\OGA_20220114.gdb\HYDRAULIC,FLUID,-1,-1,C:\Ongoing_Work\North_Sea_Database\06_Routes\OGA_20220114.gdb\METHANOL,FLUID,-1,-1,C:\Ongoing_Work\North_Sea_Database\06_Routes\OGA_20220114.gdb\MIXED_HYDROCARBONS,FLUID,-1,-1,C:\Ongoing_Work\North_Sea_Database\06_Routes\OGA_20220114.gdb\null_,FLUID,-1,-1,C:\Ongoing_Work\North_Sea_Database\06_Routes\OGA_20220114.gdb\OIL,FLUID,-1,-1,C:\Ongoing_Work\North_Sea_Database\06_Routes\OGA_20220114.gdb\OTHER_FLUID,FLUID,-1,-1,C:\Ongoing_Work\North_Sea_Database\06_Routes\OGA_20220114.gdb\T,FLUID,-1,-1,C:\Ongoing_Work\North_Sea_Database\06_Routes\OGA_20220114.gdb\WATER,FLUID,-1,-1;STATUS "STATUS" true true false 15 Text 0 0 ,First,#,C:\Ongoing_Work\North_Sea_Database\06_Routes\OGA_20220114.gdb\CHEMICAL,STATUS,-1,-1,C:\Ongoing_Work\North_Sea_Database\06_Routes\OGA_20220114.gdb\CONDENSATE,STATUS,-1,-1,C:\Ongoing_Work\North_Sea_Database\06_Routes\OGA_20220114.gdb\FIBER,STATUS,-1,-1,C:\Ongoing_Work\North_Sea_Database\06_Routes\OGA_20220114.gdb\FIBRE,STATUS,-1,-1,C:\Ongoing_Work\North_Sea_Database\06_Routes\OGA_20220114.gdb\GAS,STATUS,-1,-1,C:\Ongoing_Work\North_Sea_Database\06_Routes\OGA_20220114.gdb\HYDRAULIC,STATUS,-1,-1,C:\Ongoing_Work\North_Sea_Database\06_Routes\OGA_20220114.gdb\METHANOL,STATUS,-1,-1,C:\Ongoing_Work\North_Sea_Database\06_Routes\OGA_20220114.gdb\MIXED_HYDROCARBONS,STATUS,-1,-1,C:\Ongoing_Work\North_Sea_Database\06_Routes\OGA_20220114.gdb\null_,STATUS,-1,-1,C:\Ongoing_Work\North_Sea_Database\06_Routes\OGA_20220114.gdb\OIL,STATUS,-1,-1,C:\Ongoing_Work\North_Sea_Database\06_Routes\OGA_20220114.gdb\OTHER_FLUID,STATUS,-1,-1,C:\Ongoing_Work\North_Sea_Database\06_Routes\OGA_20220114.gdb\T,STATUS,-1,-1,C:\Ongoing_Work\North_Sea_Database\06_Routes\OGA_20220114.gdb\WATER,STATUS,-1,-1;EXPOSED "EXPOSED" true true false 1 Text 0 0 ,First,#,C:\Ongoing_Work\North_Sea_Database\06_Routes\OGA_20220114.gdb\CHEMICAL,EXPOSED,-1,-1,C:\Ongoing_Work\North_Sea_Database\06_Routes\OGA_20220114.gdb\CONDENSATE,EXPOSED,-1,-1,C:\Ongoing_Work\North_Sea_Database\06_Routes\OGA_20220114.gdb\FIBER,EXPOSED,-1,-1,C:\Ongoing_Work\North_Sea_Database\06_Routes\OGA_20220114.gdb\FIBRE,EXPOSED,-1,-1,C:\Ongoing_Work\North_Sea_Database\06_Routes\OGA_20220114.gdb\GAS,EXPOSED,-1,-1,C:\Ongoing_Work\North_Sea_Database\06_Routes\OGA_20220114.gdb\HYDRAULIC,EXPOSED,-1,-1,C:\Ongoing_Work\North_Sea_Database\06_Routes\OGA_20220114.gdb\METHANOL,EXPOSED,-1,-1,C:\Ongoing_Work\North_Sea_Database\06_Routes\OGA_20220114.gdb\MIXED_HYDROCARBONS,EXPOSED,-1,-1,C:\Ongoing_Work\North_Sea_Database\06_Routes\OGA_20220114.gdb\null_,EXPOSED,-1,-1,C:\Ongoing_Work\North_Sea_Database\06_Routes\OGA_20220114.gdb\OIL,EXPOSED,-1,-1,C:\Ongoing_Work\North_Sea_Database\06_Routes\OGA_20220114.gdb\OTHER_FLUID,EXPOSED,-1,-1,C:\Ongoing_Work\North_Sea_Database\06_Routes\OGA_20220114.gdb\T,EXPOSED,-1,-1,C:\Ongoing_Work\North_Sea_Database\06_Routes\OGA_20220114.gdb\WATER,EXPOSED,-1,-1;UNTRENCHED "UNTRENCHED" true true false 1 Text 0 0 ,First,#,C:\Ongoing_Work\North_Sea_Database\06_Routes\OGA_20220114.gdb\CHEMICAL,UNTRENCHED,-1,-1,C:\Ongoing_Work\North_Sea_Database\06_Routes\OGA_20220114.gdb\CONDENSATE,UNTRENCHED,-1,-1,C:\Ongoing_Work\North_Sea_Database\06_Routes\OGA_20220114.gdb\FIBER,UNTRENCHED,-1,-1,C:\Ongoing_Work\North_Sea_Database\06_Routes\OGA_20220114.gdb\FIBRE,UNTRENCHED,-1,-1,C:\Ongoing_Work\North_Sea_Database\06_Routes\OGA_20220114.gdb\GAS,UNTRENCHED,-1,-1,C:\Ongoing_Work\North_Sea_Database\06_Routes\OGA_20220114.gdb\HYDRAULIC,UNTRENCHED,-1,-1,C:\Ongoing_Work\North_Sea_Database\06_Routes\OGA_20220114.gdb\METHANOL,UNTRENCHED,-1,-1,C:\Ongoing_Work\North_Sea_Database\06_Routes\OGA_20220114.gdb\MIXED_HYDROCARBONS,UNTRENCHED,-1,-1,C:\Ongoing_Work\North_Sea_Database\06_Routes\OGA_20220114.gdb\null_,UNTRENCHED,-1,-1,C:\Ongoing_Work\North_Sea_Database\06_Routes\OGA_20220114.gdb\OIL,UNTRENCHED,-1,-1,C:\Ongoing_Work\North_Sea_Database\06_Routes\OGA_20220114.gdb\OTHER_FLUID,UNTRENCHED,-1,-1,C:\Ongoing_Work\North_Sea_Database\06_Routes\OGA_20220114.gdb\T,UNTRENCHED,-1,-1,C:\Ongoing_Work\North_Sea_Database\06_Routes\OGA_20220114.gdb\WATER,UNTRENCHED,-1,-1;OPERATOR "OPERATOR" true true false 40 Text 0 0 ,First,#,C:\Ongoing_Work\North_Sea_Database\06_Routes\OGA_20220114.gdb\CHEMICAL,OPERATOR,-1,-1,C:\Ongoing_Work\North_Sea_Database\06_Routes\OGA_20220114.gdb\CONDENSATE,OPERATOR,-1,-1,C:\Ongoing_Work\North_Sea_Database\06_Routes\OGA_20220114.gdb\FIBER,OPERATOR,-1,-1,C:\Ongoing_Work\North_Sea_Database\06_Routes\OGA_20220114.gdb\FIBRE,OPERATOR,-1,-1,C:\Ongoing_Work\North_Sea_Database\06_Routes\OGA_20220114.gdb\GAS,OPERATOR,-1,-1,C:\Ongoing_Work\North_Sea_Database\06_Routes\OGA_20220114.gdb\HYDRAULIC,OPERATOR,-1,-1,C:\Ongoing_Work\North_Sea_Database\06_Routes\OGA_20220114.gdb\METHANOL,OPERATOR,-1,-1,C:\Ongoing_Work\North_Sea_Database\06_Routes\OGA_20220114.gdb\MIXED_HYDROCARBONS,OPERATOR,-1,-1,C:\Ongoing_Work\North_Sea_Database\06_Routes\OGA_20220114.gdb\null_,OPERATOR,-1,-1,C:\Ongoing_Work\North_Sea_Database\06_Routes\OGA_20220114.gdb\OIL,OPERATOR,-1,-1,C:\Ongoing_Work\North_Sea_Database\06_Routes\OGA_20220114.gdb\OTHER_FLUID,OPERATOR,-1,-1,C:\Ongoing_Work\North_Sea_Database\06_Routes\OGA_20220114.gdb\T,OPERATOR,-1,-1,C:\Ongoing_Work\North_Sea_Database\06_Routes\OGA_20220114.gdb\WATER,OPERATOR,-1,-1;START_DATE "START_DATE" true true false 21 Text 0 0 ,First,#,C:\Ongoing_Work\North_Sea_Database\06_Routes\OGA_20220114.gdb\CHEMICAL,START_DATE,-1,-1,C:\Ongoing_Work\North_Sea_Database\06_Routes\OGA_20220114.gdb\CONDENSATE,START_DATE,-1,-1,C:\Ongoing_Work\North_Sea_Database\06_Routes\OGA_20220114.gdb\FIBER,START_DATE,-1,-1,C:\Ongoing_Work\North_Sea_Database\06_Routes\OGA_20220114.gdb\FIBRE,START_DATE,-1,-1,C:\Ongoing_Work\North_Sea_Database\06_Routes\OGA_20220114.gdb\GAS,START_DATE,-1,-1,C:\Ongoing_Work\North_Sea_Database\06_Routes\OGA_20220114.gdb\HYDRAULIC,START_DATE,-1,-1,C:\Ongoing_Work\North_Sea_Database\06_Routes\OGA_20220114.gdb\METHANOL,START_DATE,-1,-1,C:\Ongoing_Work\North_Sea_Database\06_Routes\OGA_20220114.gdb\MIXED_HYDROCARBONS,START_DATE,-1,-1,C:\Ongoing_Work\North_Sea_Database\06_Routes\OGA_20220114.gdb\null_,START_DATE,-1,-1,C:\Ongoing_Work\North_Sea_Database\06_Routes\OGA_20220114.gdb\OIL,START_DATE,-1,-1,C:\Ongoing_Work\North_Sea_Database\06_Routes\OGA_20220114.gdb\OTHER_FLUID,START_DATE,-1,-1,C:\Ongoing_Work\North_Sea_Database\06_Routes\OGA_20220114.gdb\T,START_DATE,-1,-1,C:\Ongoing_Work\North_Sea_Database\06_Routes\OGA_20220114.gdb\WATER,START_DATE,-1,-1;END_DATE "END_DATE" true true false 21 Text 0 0 ,First,#,C:\Ongoing_Work\North_Sea_Database\06_Routes\OGA_20220114.gdb\CHEMICAL,END_DATE,-1,-1,C:\Ongoing_Work\North_Sea_Database\06_Routes\OGA_20220114.gdb\CONDENSATE,END_DATE,-1,-1,C:\Ongoing_Work\North_Sea_Database\06_Routes\OGA_20220114.gdb\FIBER,END_DATE,-1,-1,C:\Ongoing_Work\North_Sea_Database\06_Routes\OGA_20220114.gdb\FIBRE,END_DATE,-1,-1,C:\Ongoing_Work\North_Sea_Database\06_Routes\OGA_20220114.gdb\GAS,END_DATE,-1,-1,C:\Ongoing_Work\North_Sea_Database\06_Routes\OGA_20220114.gdb\HYDRAULIC,END_DATE,-1,-1,C:\Ongoing_Work\North_Sea_Database\06_Routes\OGA_20220114.gdb\METHANOL,END_DATE,-1,-1,C:\Ongoing_Work\North_Sea_Database\06_Routes\OGA_20220114.gdb\MIXED_HYDROCARBONS,END_DATE,-1,-1,C:\Ongoing_Work\North_Sea_Database\06_Routes\OGA_20220114.gdb\null_,END_DATE,-1,-1,C:\Ongoing_Work\North_Sea_Database\06_Routes\OGA_20220114.gdb\OIL,END_DATE,-1,-1,C:\Ongoing_Work\North_Sea_Database\06_Routes\OGA_20220114.gdb\OTHER_FLUID,END_DATE,-1,-1,C:\Ongoing_Work\North_Sea_Database\06_Routes\OGA_20220114.gdb\T,END_DATE,-1,-1,C:\Ongoing_Work\North_Sea_Database\06_Routes\OGA_20220114.gdb\WATER,END_DATE,-1,-1;INS_DATE "INS_DATE" true true false 21 Text 0 0 ,First,#,C:\Ongoing_Work\North_Sea_Database\06_Routes\OGA_20220114.gdb\CHEMICAL,INS_DATE,-1,-1,C:\Ongoing_Work\North_Sea_Database\06_Routes\OGA_20220114.gdb\CONDENSATE,INS_DATE,-1,-1,C:\Ongoing_Work\North_Sea_Database\06_Routes\OGA_20220114.gdb\FIBER,INS_DATE,-1,-1,C:\Ongoing_Work\North_Sea_Database\06_Routes\OGA_20220114.gdb\FIBRE,INS_DATE,-1,-1,C:\Ongoing_Work\North_Sea_Database\06_Routes\OGA_20220114.gdb\GAS,INS_DATE,-1,-1,C:\Ongoing_Work\North_Sea_Database\06_Routes\OGA_20220114.gdb\HYDRAULIC,INS_DATE,-1,-1,C:\Ongoing_Work\North_Sea_Database\06_Routes\OGA_20220114.gdb\METHANOL,INS_DATE,-1,-1,C:\Ongoing_Work\North_Sea_Database\06_Routes\OGA_20220114.gdb\MIXED_HYDROCARBONS,INS_DATE,-1,-1,C:\Ongoing_Work\North_Sea_Database\06_Routes\OGA_20220114.gdb\null_,INS_DATE,-1,-1,C:\Ongoing_Work\North_Sea_Database\06_Routes\OGA_20220114.gdb\OIL,INS_DATE,-1,-1,C:\Ongoing_Work\North_Sea_Database\06_Routes\OGA_20220114.gdb\OTHER_FLUID,INS_DATE,-1,-1,C:\Ongoing_Work\North_Sea_Database\06_Routes\OGA_20220114.gdb\T,INS_DATE,-1,-1,C:\Ongoing_Work\North_Sea_Database\06_Routes\OGA_20220114.gdb\WATER,INS_DATE,-1,-1;UPD_DATE "UPD_DATE" true true false 21 Text 0 0 ,First,#,C:\Ongoing_Work\North_Sea_Database\06_Routes\OGA_20220114.gdb\CHEMICAL,UPD_DATE,-1,-1,C:\Ongoing_Work\North_Sea_Database\06_Routes\OGA_20220114.gdb\CONDENSATE,UPD_DATE,-1,-1,C:\Ongoing_Work\North_Sea_Database\06_Routes\OGA_20220114.gdb\FIBER,UPD_DATE,-1,-1,C:\Ongoing_Work\North_Sea_Database\06_Routes\OGA_20220114.gdb\FIBRE,UPD_DATE,-1,-1,C:\Ongoing_Work\North_Sea_Database\06_Routes\OGA_20220114.gdb\GAS,UPD_DATE,-1,-1,C:\Ongoing_Work\North_Sea_Database\06_Routes\OGA_20220114.gdb\HYDRAULIC,UPD_DATE,-1,-1,C:\Ongoing_Work\North_Sea_Database\06_Routes\OGA_20220114.gdb\METHANOL,UPD_DATE,-1,-1,C:\Ongoing_Work\North_Sea_Database\06_Routes\OGA_20220114.gdb\MIXED_HYDROCARBONS,UPD_DATE,-1,-1,C:\Ongoing_Work\North_Sea_Database\06_Routes\OGA_20220114.gdb\null_,UPD_DATE,-1,-1,C:\Ongoing_Work\North_Sea_Database\06_Routes\OGA_20220114.gdb\OIL,UPD_DATE,-1,-1,C:\Ongoing_Work\North_Sea_Database\06_Routes\OGA_20220114.gdb\OTHER_FLUID,UPD_DATE,-1,-1,C:\Ongoing_Work\North_Sea_Database\06_Routes\OGA_20220114.gdb\T,UPD_DATE,-1,-1,C:\Ongoing_Work\North_Sea_Database\06_Routes\OGA_20220114.gdb\WATER,UPD_DATE,-1,-1;Shape_Length "Shape_Length" false true true 8 Double 0 0 ,First,#,C:\Ongoing_Work\North_Sea_Database\06_Routes\OGA_20220114.gdb\CHEMICAL,Shape_Length,-1,-1,C:\Ongoing_Work\North_Sea_Database\06_Routes\OGA_20220114.gdb\CONDENSATE,Shape_Length,-1,-1,C:\Ongoing_Work\North_Sea_Database\06_Routes\OGA_20220114.gdb\FIBER,Shape_Length,-1,-1,C:\Ongoing_Work\North_Sea_Database\06_Routes\OGA_20220114.gdb\FIBRE,Shape_Length,-1,-1,C:\Ongoing_Work\North_Sea_Database\06_Routes\OGA_20220114.gdb\GAS,Shape_Length,-1,-1,C:\Ongoing_Work\North_Sea_Database\06_Routes\OGA_20220114.gdb\HYDRAULIC,Shape_Length,-1,-1,C:\Ongoing_Work\North_Sea_Database\06_Routes\OGA_20220114.gdb\METHANOL,Shape_Length,-1,-1,C:\Ongoing_Work\North_Sea_Database\06_Routes\OGA_20220114.gdb\MIXED_HYDROCARBONS,Shape_Length,-1,-1,C:\Ongoing_Work\North_Sea_Database\06_Routes\OGA_20220114.gdb\null_,Shape_Length,-1,-1,C:\Ongoing_Work\North_Sea_Database\06_Routes\OGA_20220114.gdb\OIL,Shape_Length,-1,-1,C:\Ongoing_Work\North_Sea_Database\06_Routes\OGA_20220114.gdb\OTHER_FLUID,Shape_Length,-1,-1,C:\Ongoing_Work\North_Sea_Database\06_Routes\OGA_20220114.gdb\T,Shape_Length,-1,-1,C:\Ongoing_Work\North_Sea_Database\06_Routes\OGA_20220114.gdb\WATER,Shape_Length,-1,-1"</Process><Process ToolSource="c:\program files (x86)\arcgis\desktop10.7\ArcToolbox\Toolboxes\Conversion Tools.tbx\FeatureClassToFeatureClass" Date="20220301" Time="151006">FeatureClassToFeatureClass OGA_PIPELINES C:\Ongoing_Work\North_Sea_Database\06_Routes\OGA_20220114.gdb\ED50 Pipelines_And_Cables # "ID "ID" true true false 4 Long 0 0 ,First,#,OGA_PIPELINES,ID,-1,-1;PIPE_DTINO "PIPE_DTINO" true true false 20 Text 0 0 ,First,#,OGA_PIPELINES,PIPE_DTINO,-1,-1;PIPE_NAME "PIPE_NAME" true true false 40 Text 0 0 ,First,#,OGA_PIPELINES,PIPE_NAME,-1,-1;DESC_ "DESC_" true true false 254 Text 0 0 ,First,#,OGA_PIPELINES,DESC_,-1,-1;DIAMETER "DIAMETER" true true false 8 Double 0 0 ,First,#,OGA_PIPELINES,DIAMETER,-1,-1;UNITS "UNITS" true true false 4 Text 0 0 ,First,#,OGA_PIPELINES,UNITS,-1,-1;FLUID "FLUID" true true false 20 Text 0 0 ,First,#,OGA_PIPELINES,FLUID,-1,-1;STATUS "STATUS" true true false 15 Text 0 0 ,First,#,OGA_PIPELINES,STATUS,-1,-1;EXPOSED "EXPOSED" true true false 1 Text 0 0 ,First,#,OGA_PIPELINES,EXPOSED,-1,-1;UNTRENCHED "UNTRENCHED" true true false 1 Text 0 0 ,First,#,OGA_PIPELINES,UNTRENCHED,-1,-1;OPERATOR "OPERATOR" true true false 40 Text 0 0 ,First,#,OGA_PIPELINES,OPERATOR,-1,-1;START_DATE "START_DATE" true true false 21 Text 0 0 ,First,#,OGA_PIPELINES,START_DATE,-1,-1;END_DATE "END_DATE" true true false 21 Text 0 0 ,First,#,OGA_PIPELINES,END_DATE,-1,-1;INS_DATE "INS_DATE" true true false 21 Text 0 0 ,First,#,OGA_PIPELINES,INS_DATE,-1,-1;UPD_DATE "UPD_DATE" true true false 21 Text 0 0 ,First,#,OGA_PIPELINES,UPD_DATE,-1,-1;Shape_Length "Shape_Length" false true true 8 Double 0 0 ,First,#,OGA_PIPELINES,Shape_Length,-1,-1" #</Process><Process ToolSource="c:\program files\arcgis\pro\Resources\ArcToolbox\toolboxes\Conversion Tools.tbx\ExportFeatures" Date="20240301" Time="163428">ExportFeatures "Pipelines And Cables (NSTA)" C:\Users\harry.jadir\Desktop\KIS_ORCA_SHAPEFILE\PipelineandCables_NSTA.shp # NOT_USE_ALIAS "ID "ID" true true false 4 Long 0 0,First,#,Pipelines And Cables (NSTA),ID,-1,-1;PIPE_DTINO "PIPE_DTINO" true true false 20 Text 0 0,First,#,Pipelines And Cables (NSTA),PIPE_DTINO,0,20;PIPE_NAME "PIPE_NAME" true true false 40 Text 0 0,First,#,Pipelines And Cables (NSTA),PIPE_NAME,0,40;DESC_ "DESC_" true true false 254 Text 0 0,First,#,Pipelines And Cables (NSTA),DESC_,0,254;DIAMETER "DIAMETER" true true false 8 Double 0 0,First,#,Pipelines And Cables (NSTA),DIAMETER,-1,-1;UNITS "UNITS" true true false 4 Text 0 0,First,#,Pipelines And Cables (NSTA),UNITS,0,4;FLUID "FLUID" true true false 20 Text 0 0,First,#,Pipelines And Cables (NSTA),FLUID,0,20;STATUS "STATUS" true true false 15 Text 0 0,First,#,Pipelines And Cables (NSTA),STATUS,0,15;EXPOSED "EXPOSED" true true false 1 Text 0 0,First,#,Pipelines And Cables (NSTA),EXPOSED,0,1;UNTRENCHED "UNTRENCHED" true true false 1 Text 0 0,First,#,Pipelines And Cables (NSTA),UNTRENCHED,0,1;OPERATOR "OPERATOR" true true false 40 Text 0 0,First,#,Pipelines And Cables (NSTA),OPERATOR,0,40;START_DATE "START_DATE" true true false 21 Text 0 0,First,#,Pipelines And Cables (NSTA),START_DATE,0,21;END_DATE "END_DATE" true true false 21 Text 0 0,First,#,Pipelines And Cables (NSTA),END_DATE,0,21;INS_DATE "INS_DATE" true true false 21 Text 0 0,First,#,Pipelines And Cables (NSTA),INS_DATE,0,21;UPD_DATE "UPD_DATE" true true false 21 Text 0 0,First,#,Pipelines And Cables (NSTA),UPD_DATE,0,21;Shape_Length "Shape_Length" false true true 8 Double 0 0,First,#,Pipelines And Cables (NSTA),Shape_Length,-1,-1" #</Process></lineage></DataProperties><SyncDate>20240301</SyncDate><SyncTime>16342400</SyncTime><ModDate>20240301</ModDate><ModTime>16342400</ModTime></Esri><dataIdInfo><envirDesc Sync="TRUE">Microsoft Windows 10 Version 10.0 (Build 19045) ; Esri ArcGIS 13.0.2.36056</envirDesc><dataLang><languageCode value="eng" Sync="TRUE"></languageCode><countryCode value="GBR" Sync="TRUE"></countryCode></dataLang><idCitation><resTitle Sync="TRUE">PipelineandCables_NSTA</resTitle><presForm><PresFormCd value="005" Sync="TRUE"></PresFormCd></presForm></idCitation><spatRpType><SpatRepTypCd value="001" Sync="TRUE"></SpatRepTypCd></spatRpType></dataIdInfo><mdLang><languageCode value="eng" Sync="TRUE"></languageCode><countryCode value="GBR" Sync="TRUE"></countryCode></mdLang><distInfo><distFormat><formatName Sync="TRUE">Shapefile</formatName></distFormat><distTranOps><transSize Sync="TRUE">0.000</transSize></distTranOps></distInfo><mdHrLv><ScopeCd value="005" Sync="TRUE"></ScopeCd></mdHrLv><mdHrLvName Sync="TRUE">dataset</mdHrLvName><refSysInfo><RefSystem><refSysID><identCode code="4230" Sync="TRUE"></identCode><idCodeSpace Sync="TRUE">EPSG</idCodeSpace><idVersion Sync="TRUE">6.5(3.0.1)</idVersion></refSysID></RefSystem></refSysInfo><spatRepInfo><VectSpatRep><geometObjs Name="PipelineandCables_NSTA"><geoObjTyp><GeoObjTypCd value="002" Sync="TRUE"></GeoObjTypCd></geoObjTyp><geoObjCnt Sync="TRUE">0</geoObjCnt></geometObjs><topLvl><TopoLevCd value="001" Sync="TRUE"></TopoLevCd></topLvl></VectSpatRep></spatRepInfo><spdoinfo><ptvctinf><esriterm Name="PipelineandCables_NSTA"><efeatyp Sync="TRUE">Simple</efeatyp><efeageom code="3" Sync="TRUE"></efeageom><esritopo Sync="TRUE">FALSE</esritopo><efeacnt Sync="TRUE">0</efeacnt><spindex Sync="TRUE">FALSE</spindex><linrefer Sync="TRUE">FALSE</linrefer></esriterm></ptvctinf></spdoinfo><eainfo><detailed Name="PipelineandCables_NSTA"><enttyp><enttypl Sync="TRUE">PipelineandCables_NSTA</enttypl><enttypt Sync="TRUE">Feature Class</enttypt><enttypc Sync="TRUE">0</enttypc></enttyp><attr><attrlabl Sync="TRUE">FID</attrlabl><attalias Sync="TRUE">FID</attalias><attrtype Sync="TRUE">OID</attrtype><attwidth Sync="TRUE">4</attwidth><atprecis Sync="TRUE">0</atprecis><attscale Sync="TRUE">0</attscale><attrdef Sync="TRUE">Internal feature number.</attrdef><attrdefs Sync="TRUE">Esri</attrdefs><attrdomv><udom Sync="TRUE">Sequential unique whole numbers that are automatically generated.</udom></attrdomv></attr><attr><attrlabl Sync="TRUE">Shape</attrlabl><attalias Sync="TRUE">Shape</attalias><attrtype Sync="TRUE">Geometry</attrtype><attwidth Sync="TRUE">0</attwidth><atprecis Sync="TRUE">0</atprecis><attscale Sync="TRUE">0</attscale><attrdef Sync="TRUE">Feature geometry.</attrdef><attrdefs Sync="TRUE">Esri</attrdefs><attrdomv><udom Sync="TRUE">Coordinates defining the features.</udom></attrdomv></attr><attr><attrlabl Sync="TRUE">ID</attrlabl><attalias Sync="TRUE">ID</attalias><attrtype Sync="TRUE">Integer</attrtype><attwidth Sync="TRUE">10</attwidth><atprecis Sync="TRUE">10</atprecis><attscale Sync="TRUE">0</attscale></attr><attr><attrlabl Sync="TRUE">PIPE_DTINO</attrlabl><attalias Sync="TRUE">PIPE_DTINO</attalias><attrtype Sync="TRUE">String</attrtype><attwidth Sync="TRUE">20</attwidth><atprecis Sync="TRUE">0</atprecis><attscale Sync="TRUE">0</attscale></attr><attr><attrlabl Sync="TRUE">PIPE_NAME</attrlabl><attalias Sync="TRUE">PIPE_NAME</attalias><attrtype Sync="TRUE">String</attrtype><attwidth Sync="TRUE">40</attwidth><atprecis Sync="TRUE">0</atprecis><attscale Sync="TRUE">0</attscale></attr><attr><attrlabl Sync="TRUE">DESC_</attrlabl><attalias Sync="TRUE">DESC_</attalias><attrtype Sync="TRUE">String</attrtype><attwidth Sync="TRUE">254</attwidth><atprecis Sync="TRUE">0</atprecis><attscale Sync="TRUE">0</attscale></attr><attr><attrlabl Sync="TRUE">DIAMETER</attrlabl><attalias Sync="TRUE">DIAMETER</attalias><attrtype Sync="TRUE">Double</attrtype><attwidth Sync="TRUE">19</attwidth><atprecis Sync="TRUE">0</atprecis><attscale Sync="TRUE">0</attscale></attr><attr><attrlabl Sync="TRUE">UNITS</attrlabl><attalias Sync="TRUE">UNITS</attalias><attrtype Sync="TRUE">String</attrtype><attwidth Sync="TRUE">4</attwidth><atprecis Sync="TRUE">0</atprecis><attscale Sync="TRUE">0</attscale></attr><attr><attrlabl Sync="TRUE">FLUID</attrlabl><attalias Sync="TRUE">FLUID</attalias><attrtype Sync="TRUE">String</attrtype><attwidth Sync="TRUE">20</attwidth><atprecis Sync="TRUE">0</atprecis><attscale Sync="TRUE">0</attscale></attr><attr><attrlabl Sync="TRUE">STATUS</attrlabl><attalias Sync="TRUE">STATUS</attalias><attrtype Sync="TRUE">String</attrtype><attwidth Sync="TRUE">15</attwidth><atprecis Sync="TRUE">0</atprecis><attscale Sync="TRUE">0</attscale></attr><attr><attrlabl Sync="TRUE">EXPOSED</attrlabl><attalias Sync="TRUE">EXPOSED</attalias><attrtype Sync="TRUE">String</attrtype><attwidth Sync="TRUE">1</attwidth><atprecis Sync="TRUE">0</atprecis><attscale Sync="TRUE">0</attscale></attr><attr><attrlabl Sync="TRUE">UNTRENCHED</attrlabl><attalias Sync="TRUE">UNTRENCHED</attalias><attrtype Sync="TRUE">String</attrtype><attwidth Sync="TRUE">1</attwidth><atprecis Sync="TRUE">0</atprecis><attscale Sync="TRUE">0</attscale></attr><attr><attrlabl Sync="TRUE">OPERATOR</attrlabl><attalias Sync="TRUE">OPERATOR</attalias><attrtype Sync="TRUE">String</attrtype><attwidth Sync="TRUE">40</attwidth><atprecis Sync="TRUE">0</atprecis><attscale Sync="TRUE">0</attscale></attr><attr><attrlabl Sync="TRUE">START_DATE</attrlabl><attalias Sync="TRUE">START_DATE</attalias><attrtype Sync="TRUE">String</attrtype><attwidth Sync="TRUE">21</attwidth><atprecis Sync="TRUE">0</atprecis><attscale Sync="TRUE">0</attscale></attr><attr><attrlabl Sync="TRUE">END_DATE</attrlabl><attalias Sync="TRUE">END_DATE</attalias><attrtype Sync="TRUE">String</attrtype><attwidth Sync="TRUE">21</attwidth><atprecis Sync="TRUE">0</atprecis><attscale Sync="TRUE">0</attscale></attr><attr><attrlabl Sync="TRUE">INS_DATE</attrlabl><attalias Sync="TRUE">INS_DATE</attalias><attrtype Sync="TRUE">String</attrtype><attwidth Sync="TRUE">21</attwidth><atprecis Sync="TRUE">0</atprecis><attscale Sync="TRUE">0</attscale></attr><attr><attrlabl Sync="TRUE">UPD_DATE</attrlabl><attalias Sync="TRUE">UPD_DATE</attalias><attrtype Sync="TRUE">String</attrtype><attwidth Sync="TRUE">21</attwidth><atprecis Sync="TRUE">0</atprecis><attscale Sync="TRUE">0</attscale></attr><attr><attrlabl Sync="TRUE">Shape_Leng</attrlabl><attalias Sync="TRUE">Shape_Leng</attalias><attrtype Sync="TRUE">Double</attrtype><attwidth Sync="TRUE">19</attwidth><atprecis Sync="TRUE">0</atprecis><attscale Sync="TRUE">0</attscale></attr></detailed></eainfo><mdDateSt Sync="TRUE">20240301</mdDateSt></metadata>
